[
  {
    "Id": 1,
    "PolicyNumber": "abcd",
    "Type": "Health",
    "CoverageAmount": 1111110.0,
    "Premium": 1110.0,
    "StartDate": "0001-01-01T00:00:00",
    "EndDate": "0001-01-01T00:00:00",
    "CreatedBy": "Rohith"
  },
  {
    "Id": 2,
    "PolicyNumber": "",
    "Type": "",
    "CoverageAmount": 0.0,
    "Premium": 0.0,
    "StartDate": "0001-01-01T00:00:00",
    "EndDate": "0001-01-01T00:00:00",
    "CreatedBy": "Rohith"
  },
  {
    "Id": 3,
    "PolicyNumber": "",
    "Type": "",
    "CoverageAmount": 0.0,
    "Premium": 0.0,
    "StartDate": "0001-01-01T00:00:00",
    "EndDate": "0001-01-01T00:00:00",
    "CreatedBy": "Rohith"
  },
  {
    "Id": 4,
    "PolicyNumber": "",
    "Type": "",
    "CoverageAmount": 0.0,
    "Premium": 0.0,
    "StartDate": "0001-01-01T00:00:00",
    "EndDate": "0001-01-01T00:00:00",
    "CreatedBy": "Rohith"
  },
  {
    "Id": 5,
    "PolicyNumber": "",
    "Type": "",
    "CoverageAmount": 0.0,
    "Premium": 0.0,
    "StartDate": "0001-01-01T00:00:00",
    "EndDate": "0001-01-01T00:00:00",
    "CreatedBy": "Rohith"
  },
  {
    "Id": 6,
    "PolicyNumber": "",
    "Type": "",
    "CoverageAmount": 0.0,
    "Premium": 0.0,
    "StartDate": "0001-01-01T00:00:00",
    "EndDate": "0001-01-01T00:00:00",
    "CreatedBy": "Rohith"
  },
  {
    "Id": 7,
    "PolicyNumber": "",
    "Type": "",
    "CoverageAmount": 0.0,
    "Premium": 0.0,
    "StartDate": "0001-01-01T00:00:00",
    "EndDate": "0001-01-01T00:00:00",
    "CreatedBy": "Rohith"
  },
  {
    "Id": 8,
    "PolicyNumber": "",
    "Type": "",
    "CoverageAmount": 0.0,
    "Premium": 0.0,
    "StartDate": "0001-01-01T00:00:00",
    "EndDate": "0001-01-01T00:00:00",
    "CreatedBy": "Rohith"
  }
]